,id,time,geometry,Engine Load.value,Engine Load.unit,Calculated MAF.value,Calculated MAF.unit,Speed.value,Speed.unit,CO2.value,CO2.unit,Intake Pressure.value,Intake Pressure.unit,Rpm.value,Rpm.unit,Intake Temperature.value,Intake Temperature.unit,Consumption (GPS-based).value,Consumption (GPS-based).unit,GPS Altitude.value,GPS Altitude.unit,Throttle Position.value,Throttle Position.unit,GPS Bearing.value,GPS Bearing.unit,Consumption.value,Consumption.unit,GPS Accuracy.value,GPS Accuracy.unit,CO2 Emission (GPS-based).value,CO2 Emission (GPS-based).unit,GPS Speed.value,GPS Speed.unit,track.id,track.length,track.begin,track.end,sensor.type,sensor.engineDisplacement,sensor.model,sensor.id,sensor.fuelType,sensor.constructionYear,sensor.manufacturer
0,5f0ef89c00375c5a2641ef86,2020-07-15T12:37:03+00:00,POINT (7.579394893533355 51.9676623271298),30.459892476603727,%,3.1138890426682577,g/s,15.978929817676544,km/h,2.4054696891725755,kg/h,29.66720089316368,kPa,748.9522515535355,u/min,26.0,c,0.9361991019945328,l/h,115.67101154225678,m,13.000000199768692,%,136.59032919144943,deg,1.0236041230521598,l/h,5.999999910593033,%,2.200067889687152,kg/h,17.502660386123523,km/h,5f0ef89c00375c5a2641ef84,0.66546570125167,2020-07-15T12:37:03Z,2020-07-15T12:38:25Z,car,1699,A 170,559e22c2e4b07207d8977998,gasoline,2004,Mercedes Benz
1,5f0ef89c00375c5a2641ef88,2020-07-15T12:37:09+00:00,POINT (7.57954573351337 51.96756707301854),49.23010472429115,%,9.778811249325948,g/s,11.134564638137817,km/h,7.5541015540608605,kg/h,47.23232243582606,kPa,1475.6047453284264,u/min,25.65283766388893,c,0.9374572868811732,l/h,115.28063873309512,m,16.642229229211807,%,134.47980339372793,deg,3.214511299600366,l/h,6.000000089406967,%,2.2030246241707574,kg/h,10.324163643251097,km/h,5f0ef89c00375c5a2641ef84,0.66546570125167,2020-07-15T12:37:03Z,2020-07-15T12:38:25Z,car,1699,A 170,559e22c2e4b07207d8977998,gasoline,2004,Mercedes Benz
2,5f0ef89c00375c5a2641ef89,2020-07-15T12:37:14+00:00,POINT (7.579881941026008 51.96740311197428),78.64965229261989,%,25.066406174224586,g/s,33.976330399513245,km/h,19.36372152069945,kg/h,74.04042553901672,kPa,2397.395931303501,u/min,23.728013038635254,c,5.102906305093361,l/h,114.61323135183954,m,23.862069115042686,%,123.31395376101295,deg,8.239881498169979,l/h,6.193484783172607,%,11.9918298169694,kg/h,30.967132467741862,km/h,5f0ef89c00375c5a2641ef84,0.66546570125167,2020-07-15T12:37:03Z,2020-07-15T12:38:25Z,car,1699,A 170,559e22c2e4b07207d8977998,gasoline,2004,Mercedes Benz
3,5f0ef89c00375c5a2641ef8a,2020-07-15T12:37:19+00:00,POINT (7.580486897173868 51.9671501115845),31.200399901740923,%,7.419664012914402,g/s,39.0,km/h,5.731667584281227,kg/h,30.075758457183838,kPa,1748.5656716823578,u/min,23.99999964237213,c,2.2804908571404807,l/h,113.83521781766711,m,15.351260960102081,%,125.0357801104791,deg,2.4390074826728623,l/h,5.999999865889549,%,5.35915351428013,kg/h,36.89834627469813,km/h,5f0ef89c00375c5a2641ef84,0.66546570125167,2020-07-15T12:37:03Z,2020-07-15T12:38:25Z,car,1699,A 170,559e22c2e4b07207d8977998,gasoline,2004,Mercedes Benz
4,5f0ef89c00375c5a2641ef8b,2020-07-15T12:37:24+00:00,POINT (7.581066955957243 51.96682066814807),29.735773468632033,%,3.106679296749112,g/s,34.32166665792465,km/h,2.3999001826688118,kg/h,29.000000486150384,kPa,761.8540743738413,u/min,25.0,c,0.9462571963433636,l/h,113.50238423998454,m,13.0,%,133.48206821958547,deg,1.0212341202846007,l/h,7.489919126033783,%,2.2237044114069047,kg/h,34.44754513513999,km/h,5f0ef89c00375c5a2641ef84,0.66546570125167,2020-07-15T12:37:03Z,2020-07-15T12:38:25Z,car,1699,A 170,559e22c2e4b07207d8977998,gasoline,2004,Mercedes Benz
5,5f0ef89c00375c5a2641ef8c,2020-07-15T12:37:29+00:00,POINT (7.581544466750195 51.96653972983714),62.537843949993544,%,9.954607163894146,g/s,30.291912317276,km/h,7.689903356302285,kg/h,52.25487995147705,kPa,1359.3298133015633,u/min,26.000000193715096,c,0.9068635410223661,l/h,113.5271433822555,m,21.752623334527016,%,135.31573864970596,deg,3.2722993005541636,l/h,6.000000178813934,%,2.1311293214025606,kg/h,29.70861610152008,km/h,5f0ef89c00375c5a2641ef84,0.66546570125167,2020-07-15T12:37:03Z,2020-07-15T12:38:25Z,car,1699,A 170,559e22c2e4b07207d8977998,gasoline,2004,Mercedes Benz
6,5f0ef89c00375c5a2641ef8d,2020-07-15T12:37:34+00:00,POINT (7.582049668320493 51.96620634273692),35.9099728779056,%,8.37767894965041,g/s,40.00000059604645,km/h,6.4717311705284635,kg/h,35.30820021033287,kPa,1681.753849029541,u/min,24.000000178813934,c,4.515173454712138,l/h,113.79161322928258,m,16.252609610557556,%,136.9488901552977,deg,2.7539281576716865,l/h,6.0,%,10.610657618573525,kg/h,38.087859358730384,km/h,5f0ef89c00375c5a2641ef84,0.66546570125167,2020-07-15T12:37:03Z,2020-07-15T12:38:25Z,car,1699,A 170,559e22c2e4b07207d8977998,gasoline,2004,Mercedes Benz
7,5f0ef89c00375c5a2641ef8e,2020-07-15T12:37:39+00:00,POINT (7.582580714643375 51.96582029881129),28.092691937444897,%,3.4792362163478794,g/s,42.127695485949516,km/h,2.687699254924263,kg/h,28.61269883811474,kPa,861.8652866259217,u/min,24.0,c,2.548193138742298,l/h,113.88216508647007,m,13.479936182498932,%,141.44857127122486,deg,1.1437018106060692,l/h,5.999999821186066,%,5.988253876044401,kg/h,42.070909286683445,km/h,5f0ef89c00375c5a2641ef84,0.66546570125167,2020-07-15T12:37:03Z,2020-07-15T12:38:25Z,car,1699,A 170,559e22c2e4b07207d8977998,gasoline,2004,Mercedes Benz
8,5f0ef89c00375c5a2641ef8f,2020-07-15T12:37:44+00:00,POINT (7.583070929289823 51.96541443363719),31.25412653506646,%,3.9146047162015454,g/s,37.93229829519987,km/h,3.024020079355803,kg/h,31.334736824035645,kPa,891.4344906359911,u/min,26.0,c,0.8968550288522922,l/h,114.0558204426989,m,13.702210664749146,%,144.59823703421307,deg,1.2868170550450224,l/h,5.999999821186066,%,2.1076093178028867,kg/h,38.03228933785351,km/h,5f0ef89c00375c5a2641ef84,0.66546570125167,2020-07-15T12:37:03Z,2020-07-15T12:38:25Z,car,1699,A 170,559e22c2e4b07207d8977998,gasoline,2004,Mercedes Benz
9,5f0ef89c00375c5a2641ef90,2020-07-15T12:37:49+00:00,POINT (7.583725308090242 51.96520173956003),39.30876003574531,%,8.327728105717377,g/s,44.00000040978193,km/h,6.433144297527189,kg/h,38.88860309123993,kPa,1517.8137782812119,u/min,23.99999964237213,c,4.167594227207157,l/h,114.42184365196209,m,14.572754979133606,%,88.1740891559025,deg,2.7375082117136973,l/h,7.999999761581421,%,9.793846433936821,kg/h,37.13040647912305,km/h,5f0ef89c00375c5a2641ef84,0.66546570125167,2020-07-15T12:37:03Z,2020-07-15T12:38:25Z,car,1699,A 170,559e22c2e4b07207d8977998,gasoline,2004,Mercedes Benz
10,5f0ef89c00375c5a2641ef91,2020-07-15T12:37:54+00:00,POINT (7.584652260311101 51.9653283934433),52.7924619229899,%,11.645263938378593,g/s,43.93787096813321,km/h,8.995930504376835,kg/h,54.772066831588745,kPa,1511.2117339521646,u/min,24.836471378803253,c,1.2468585326770192,l/h,113.8963654321264,m,18.62928405404091,%,81.25172525241192,deg,3.8280555337773765,l/h,8.000000238418579,%,2.930117551790995,kg/h,43.0384028619394,km/h,5f0ef89c00375c5a2641ef84,0.66546570125167,2020-07-15T12:37:03Z,2020-07-15T12:38:25Z,car,1699,A 170,559e22c2e4b07207d8977998,gasoline,2004,Mercedes Benz
11,5f0ef89c00375c5a2641ef92,2020-07-15T12:37:59+00:00,POINT (7.585628568505625 51.96543084593565),25.50511244550662,%,5.723820523891582,g/s,46.99999859929085,km/h,4.421633715210042,kg/h,25.17219552397728,kPa,1611.6814579963684,u/min,24.000000715255737,c,2.989289703008193,l/h,113.74582170595129,m,13.999999582767487,%,83.93319495344394,deg,1.8815462617915073,l/h,8.0,%,7.024830802069253,kg/h,45.538871020442684,km/h,5f0ef89c00375c5a2641ef84,0.66546570125167,2020-07-15T12:37:03Z,2020-07-15T12:38:25Z,car,1699,A 170,559e22c2e4b07207d8977998,gasoline,2004,Mercedes Benz
12,5f0ef89c00375c5a2641ef93,2020-07-15T12:38:05+00:00,POINT (7.586608558228864 51.96547668432151),30.588236766703005,%,3.206775516694745,g/s,36.84053183346987,km/h,2.4772242041033232,kg/h,30.0,kPa,762.7371049523354,u/min,25.999999806284904,c,1.05294438096195,l/h,113.83246400843724,m,13.0,%,87.2828303503554,deg,1.0541379591929034,l/h,8.000000204890966,%,2.474419295260583,kg/h,41.61052760378495,km/h,5f0ef89c00375c5a2641ef84,0.66546570125167,2020-07-15T12:37:03Z,2020-07-15T12:38:25Z,car,1699,A 170,559e22c2e4b07207d8977998,gasoline,2004,Mercedes Benz
13,5f0ef89c00375c5a2641ef94,2020-07-15T12:38:10+00:00,POINT (7.587184721990847 51.96543320967611),30.588235285352248,%,3.103614302690314,g/s,7.662094831466675,km/h,2.397532484203995,kg/h,29.88988095521927,kPa,740.9196777641773,u/min,26.0,c,2.2727272727272725,l/h,112.08250309311539,m,12.999999612569809,%,100.774118241736,deg,1.0202265890229767,l/h,11.999999642372131,%,5.340909090909091,kg/h,21.339321481241797,km/h,5f0ef89c00375c5a2641ef84,0.66546570125167,2020-07-15T12:37:03Z,2020-07-15T12:38:25Z,car,1699,A 170,559e22c2e4b07207d8977998,gasoline,2004,Mercedes Benz
14,5f0ef89c00375c5a2641ef95,2020-07-15T12:38:15+00:00,POINT (7.587205639673084 51.96541923247247),2.3764631790260182,%,0.0,g/s,0.0,km/h,0.0,kg/h,76.7177734375,kPa,0.0,u/min,27.879602551460266,c,1.0075881146437242,l/h,112.54854237934785,m,15.0,%,106.63480059400786,deg,0.0,l/h,14.851889252662659,%,2.367832069412752,kg/h,0.0,km/h,5f0ef89c00375c5a2641ef84,0.66546570125167,2020-07-15T12:37:03Z,2020-07-15T12:38:25Z,car,1699,A 170,559e22c2e4b07207d8977998,gasoline,2004,Mercedes Benz
15,5f0ef89c00375c5a2641ef96,2020-07-15T12:38:20+00:00,POINT (7.58699958938554 51.96540720300452),0.0,%,0.0,g/s,0.0,km/h,0.0,kg/h,99.0,kPa,0.0,u/min,30.000003576278687,c,0.8353388426714469,l/h,113.79469036624563,m,15.0,%,106.63480377197266,deg,0.0,l/h,8.0,%,1.9630462802779003,kg/h,0.0,km/h,5f0ef89c00375c5a2641ef84,0.66546570125167,2020-07-15T12:37:03Z,2020-07-15T12:38:25Z,car,1699,A 170,559e22c2e4b07207d8977998,gasoline,2004,Mercedes Benz
16,5f0ef89c00375c5a2641ef97,2020-07-15T12:38:25+00:00,POINT (7.586999504594212 51.96540662224583),,,,,,,,,,,,,,,,,114.43144533951755,m,,,106.63480258023586,deg,,,5.999999932944775,%,,,0.0,km/h,5f0ef89c00375c5a2641ef84,0.66546570125167,2020-07-15T12:37:03Z,2020-07-15T12:38:25Z,car,1699,A 170,559e22c2e4b07207d8977998,gasoline,2004,Mercedes Benz
0,5f0efab600375c5a2642243b,2020-07-15T12:35:22+00:00,POINT (7.574982488262219 51.97452218255565),28.6814757622235,%,7.131811899346167,g/s,39.99999910593033,km/h,5.509302713643664,kg/h,28.554140985012054,kPa,1770.292697519064,u/min,23.999999910593033,c,1.2150241820615668,l/h,113.11957491650763,m,15.000000447034836,%,141.82646065722702,deg,2.3443841334653888,l/h,7.9999998807907104,%,2.8553068278446823,kg/h,38.202355473589535,km/h,5f0efab600375c5a26422439,0.1455487456968701,2020-07-15T12:35:22Z,2020-07-15T12:35:37Z,car,1699,A 170,559e22c2e4b07207d8977998,gasoline,2004,Mercedes Benz
1,5f0efab600375c5a2642243d,2020-07-15T12:35:27+00:00,POINT (7.575517068839535 51.97412089691769),26.665717630467327,%,6.622651853701593,g/s,40.00000059604645,km/h,5.115978147497191,kg/h,26.532302886247635,kPa,1769.176964789629,u/min,24.0,c,0.9507040552127743,l/h,111.16294612393344,m,15.0,%,141.93172061857422,deg,2.177011977658379,l/h,7.9999998807907104,%,2.2341545297500196,kg/h,38.70356247201954,km/h,5f0efab600375c5a26422439,0.1455487456968701,2020-07-15T12:35:22Z,2020-07-15T12:35:37Z,car,1699,A 170,559e22c2e4b07207d8977998,gasoline,2004,Mercedes Benz
2,5f0efab600375c5a2642243e,2020-07-15T12:35:32+00:00,POINT (7.575949680791433 51.97375663608099),30.499421621923887,%,3.154382911799698,g/s,25.0,km/h,2.4367510782838373,kg/h,29.608346700668335,kPa,757.9440016150475,u/min,25.112259596586227,c,1.3659770347682927,l/h,110.46419883515283,m,13.000000193715096,%,149.8275984339598,deg,1.0369153524612074,l/h,6.0,%,3.2100460317054877,kg/h,26.79838215443897,km/h,5f0efab600375c5a26422439,0.1455487456968701,2020-07-15T12:35:22Z,2020-07-15T12:35:37Z,car,1699,A 170,559e22c2e4b07207d8977998,gasoline,2004,Mercedes Benz
3,5f0efab600375c5a2642243f,2020-07-15T12:35:37+00:00,POINT (7.576059291369962 51.97342679221762),58.107638201211856,%,18.38191440769308,g/s,31.94339621067047,km/h,14.199972231117519,kg/h,57.33333419263363,kPa,2270.0916959643364,u/min,23.689230054616928,c,3.297252148004621,l/h,110.91870111860544,m,19.689291387796402,%,186.9120932067235,deg,6.0425413749436245,l/h,6.0,%,7.748542547810859,kg/h,28.774715595595126,km/h,5f0efab600375c5a26422439,0.1455487456968701,2020-07-15T12:35:22Z,2020-07-15T12:35:37Z,car,1699,A 170,559e22c2e4b07207d8977998,gasoline,2004,Mercedes Benz
0,5f0ef72f00375c5a2641e5b2,2020-07-15T12:31:51+00:00,POINT (7.588597736533321 51.97448465100604),61.40726554219802,%,19.95335995345267,g/s,48.61881333589554,km/h,15.413909072383657,kg/h,64.32440872490406,kPa,2198.6420543193817,u/min,23.999999284744263,c,0.8729938285822789,l/h,106.15883120190799,m,19.03770500421524,%,307.83207915611274,deg,6.559110243567513,l/h,8.0,%,2.0515354971683557,kg/h,47.506832114304416,km/h,5f0ef72f00375c5a2641e5b0,1.0484807208201024,2020-07-15T12:31:51Z,2020-07-15T12:33:12Z,car,1699,A 170,559e22c2e4b07207d8977998,gasoline,2004,Mercedes Benz
1,5f0ef72f00375c5a2641e5b4,2020-07-15T12:31:56+00:00,POINT (7.587787684616739 51.97489740930871),29.25679508483114,%,7.199028186016374,g/s,48.238718047738075,km/h,5.561227087951289,kg/h,30.156493857502937,kPa,1695.397008471191,u/min,24.591809034347534,c,3.355120899469104,l/h,107.68292611161485,m,14.81920862197876,%,307.3237221210129,deg,2.366479611894165,l/h,6.0,%,7.8845341137523945,kg/h,47.277951485135645,km/h,5f0ef72f00375c5a2641e5b0,1.0484807208201024,2020-07-15T12:31:51Z,2020-07-15T12:33:12Z,car,1699,A 170,559e22c2e4b07207d8977998,gasoline,2004,Mercedes Benz
2,5f0ef72f00375c5a2641e5b5,2020-07-15T12:32:01+00:00,POINT (7.587028566014403 51.97525470049804),49.33804993460387,%,11.365923750429873,g/s,48.43916770815849,km/h,8.780141070048552,kg/h,48.031112521886826,kPa,1681.3643940985203,u/min,24.729894518852234,c,3.1375823787586383,l/h,108.6142257125795,m,16.930867910385132,%,306.1844768884948,deg,3.736230242573852,l/h,4.0000001192092896,%,7.373318590082801,kg/h,47.59243223181704,km/h,5f0ef72f00375c5a2641e5b0,1.0484807208201024,2020-07-15T12:31:51Z,2020-07-15T12:33:12Z,car,1699,A 170,559e22c2e4b07207d8977998,gasoline,2004,Mercedes Benz
3,5f0ef72f00375c5a2641e5b6,2020-07-15T12:32:06+00:00,POINT (7.586228232144839 51.97563072334167),30.5260637759136,%,6.961552975045021,g/s,49.649124294519424,km/h,5.377778219319809,kg/h,29.0,kPa,1701.462700009346,u/min,24.000000715255737,c,3.8283730443184183,l/h,109.85095727850518,m,15.000000013969839,%,308.01565778301574,deg,2.288416263540344,l/h,3.9999998807907104,%,8.996676654148283,kg/h,48.74777751180261,km/h,5f0ef72f00375c5a2641e5b0,1.0484807208201024,2020-07-15T12:31:51Z,2020-07-15T12:33:12Z,car,1699,A 170,559e22c2e4b07207d8977998,gasoline,2004,Mercedes Benz
4,5f0ef72f00375c5a2641e5b7,2020-07-15T12:32:11+00:00,POINT (7.585453423480176 51.97601382009013),36.027254043472,%,8.611543234116528,g/s,50.00000074505806,km/h,6.652390609562694,kg/h,35.283308923244476,kPa,1729.9198251962662,u/min,23.999999552965164,c,3.0904073305524142,l/h,110.58682572324993,m,15.426584243774414,%,307.48401090976404,deg,2.830804514707529,l/h,4.0,%,7.2624572267981735,kg/h,49.213670346831805,km/h,5f0ef72f00375c5a2641e5b0,1.0484807208201024,2020-07-15T12:31:51Z,2020-07-15T12:33:12Z,car,1699,A 170,559e22c2e4b07207d8977998,gasoline,2004,Mercedes Benz
5,5f0ef72f00375c5a2641e5b8,2020-07-15T12:32:16+00:00,POINT (7.584668053500674 51.97641089291994),40.7843132019043,%,9.828720428856016,g/s,50.000000558793545,km/h,7.592656241439245,kg/h,41.08346101641655,kPa,1701.3878786563873,u/min,24.99999925494194,c,2.8173572725418894,l/h,111.19906974847831,m,16.99999949336052,%,311.6943860645915,deg,3.230917549548615,l/h,4.0,%,6.62078959047344,kg/h,48.7609660054286,km/h,5f0ef72f00375c5a2641e5b0,1.0484807208201024,2020-07-15T12:31:51Z,2020-07-15T12:33:12Z,car,1699,A 170,559e22c2e4b07207d8977998,gasoline,2004,Mercedes Benz
6,5f0ef72f00375c5a2641e5b9,2020-07-15T12:32:21+00:00,POINT (7.583845860121183 51.97682561148125),45.1230700497008,%,12.074862463570025,g/s,54.89628441631794,km/h,9.32779404116353,kg/h,45.00000134110451,kPa,1901.8837350904942,u/min,24.000000715255737,c,5.327734386965983,l/h,112.15329449366601,m,16.0,%,309.6795624954757,deg,3.9692740600695875,l/h,4.000000059604645,%,12.52017580937006,kg/h,53.45050348896558,km/h,5f0ef72f00375c5a2641e5b0,1.0484807208201024,2020-07-15T12:31:51Z,2020-07-15T12:33:12Z,car,1699,A 170,559e22c2e4b07207d8977998,gasoline,2004,Mercedes Benz
7,5f0ef72f00375c5a2641e5ba,2020-07-15T12:32:27+00:00,POINT (7.583019851772927 51.97727271106549),25.382210774144824,%,6.334444097937345,g/s,53.999999195337296,km/h,4.893338544359215,kg/h,24.208266377449036,kPa,1854.637836739421,u/min,24.0,c,2.6674174306674097,l/h,112.74729437978245,m,14.582400441169739,%,311.1409672992636,deg,2.082271721003921,l/h,5.999999865889549,%,6.268430962068413,kg/h,53.32933673334827,km/h,5f0ef72f00375c5a2641e5b0,1.0484807208201024,2020-07-15T12:31:51Z,2020-07-15T12:33:12Z,car,1699,A 170,559e22c2e4b07207d8977998,gasoline,2004,Mercedes Benz
8,5f0ef72f00375c5a2641e5bb,2020-07-15T12:32:32+00:00,POINT (7.582198232309268 51.97772662069409),46.10301625338059,%,12.46994819025122,g/s,55.000000819563866,km/h,9.632996547461566,kg/h,46.323944479227066,kPa,1907.9782251324505,u/min,24.0,c,3.106032760663066,l/h,112.89786317414921,m,16.963317394256592,%,310.8666527522972,deg,4.099147467004921,l/h,4.000000070780516,%,7.299176987558206,kg/h,54.07047671694532,km/h,5f0ef72f00375c5a2641e5b0,1.0484807208201024,2020-07-15T12:31:51Z,2020-07-15T12:33:12Z,car,1699,A 170,559e22c2e4b07207d8977998,gasoline,2004,Mercedes Benz
9,5f0ef72f00375c5a2641e5bc,2020-07-15T12:32:37+00:00,POINT (7.581367988796003 51.97817344426634),78.80049953280889,%,19.132718412104737,g/s,54.0,km/h,14.779966010720546,kg/h,72.82200513780117,kPa,1862.208664894104,u/min,23.999999284744263,c,2.056647980287997,l/h,112.96066487215673,m,23.80882352590561,%,311.2530207519858,deg,6.2893472386044875,l/h,3.9999998807907104,%,4.8331227536767924,kg/h,52.913979525830314,km/h,5f0ef72f00375c5a2641e5b0,1.0484807208201024,2020-07-15T12:31:51Z,2020-07-15T12:33:12Z,car,1699,A 170,559e22c2e4b07207d8977998,gasoline,2004,Mercedes Benz
10,5f0ef72f00375c5a2641e5bd,2020-07-15T12:32:42+00:00,POINT (7.580522217610543 51.9786408574227),34.490342374969146,%,9.581572949503371,g/s,57.000001698732376,km/h,7.401735575290922,kg/h,34.65333281457424,kPa,1959.7744807004929,u/min,24.0,c,4.164523127483706,l/h,113.16862186703307,m,15.889751553535461,%,311.76555488884514,deg,3.149674712889754,l/h,3.9999998807907104,%,9.78662934958671,kg/h,56.0608748252298,km/h,5f0ef72f00375c5a2641e5b0,1.0484807208201024,2020-07-15T12:31:51Z,2020-07-15T12:33:12Z,car,1699,A 170,559e22c2e4b07207d8977998,gasoline,2004,Mercedes Benz
11,5f0ef72f00375c5a2641e5be,2020-07-15T12:32:47+00:00,POINT (7.579676769036396 51.97913114853554),40.74465752764138,%,11.259809961937558,g/s,60.156202137470245,km/h,8.698168495456489,kg/h,42.73534217476845,kPa,1867.4800045490265,u/min,23.998486520489678,c,3.7358158175777216,l/h,112.576101935223,m,14.872000426054,%,314.8417399789323,deg,3.7013482959389314,l/h,6.0,%,8.779167171307646,kg/h,57.785528430282284,km/h,5f0ef72f00375c5a2641e5b0,1.0484807208201024,2020-07-15T12:31:51Z,2020-07-15T12:33:12Z,car,1699,A 170,559e22c2e4b07207d8977998,gasoline,2004,Mercedes Benz
12,5f0ef72f00375c5a2641e5bf,2020-07-15T12:32:52+00:00,POINT (7.578905516807367 51.97965016238622),30.980392456054688,%,3.2655904509522937,g/s,46.984326750040054,km/h,2.522658559563202,kg/h,30.50235480070114,kPa,761.3804574608803,u/min,25.00000004656613,c,1.0890480969077985,l/h,113.29520219665918,m,12.999999806284904,%,318.06379932318305,deg,1.073471727473703,l/h,6.000000178813934,%,2.5592630277333264,kg/h,46.87462511128547,km/h,5f0ef72f00375c5a2641e5b0,1.0484807208201024,2020-07-15T12:31:51Z,2020-07-15T12:33:12Z,car,1699,A 170,559e22c2e4b07207d8977998,gasoline,2004,Mercedes Benz
13,5f0ef72f00375c5a2641e5c0,2020-07-15T12:32:57+00:00,POINT (7.578421776474043 51.97981575686714),40.78310699957706,%,6.729320322527044,g/s,26.105726294219494,km/h,5.198379210937205,kg/h,40.467275500297546,kPa,1186.573938369751,u/min,25.999999903142452,c,1.9558774269525216,l/h,112.30354111241621,m,15.21495372056961,%,241.13511349823239,deg,2.2120762599732786,l/h,6.0,%,4.596311953338426,kg/h,25.263407417222425,km/h,5f0ef72f00375c5a2641e5b0,1.0484807208201024,2020-07-15T12:31:51Z,2020-07-15T12:33:12Z,car,1699,A 170,559e22c2e4b07207d8977998,gasoline,2004,Mercedes Benz
14,5f0ef72f00375c5a2641e5c1,2020-07-15T12:33:02+00:00,POINT (7.5779813858863 51.97961042186547),84.87945903776154,%,14.518770015364712,g/s,25.914012543857098,km/h,11.215705093364878,kg/h,86.00148458778858,kPa,1203.5703660547733,u/min,25.73839008808136,c,0.8428801581512325,l/h,112.19747579954115,m,21.8675799369812,%,228.71011694747358,deg,4.7726404652616505,l/h,4.0,%,1.9807683716553965,kg/h,25.557840661469072,km/h,5f0ef72f00375c5a2641e5b0,1.0484807208201024,2020-07-15T12:31:51Z,2020-07-15T12:33:12Z,car,1699,A 170,559e22c2e4b07207d8977998,gasoline,2004,Mercedes Benz
15,5f0ef72f00375c5a2641e5c2,2020-07-15T12:33:07+00:00,POINT (7.577404363634196 51.9793835890858),56.1513341514833,%,13.92746158595164,g/s,40.53313313424587,km/h,10.758921153919633,kg/h,53.66612550616264,kPa,1835.8026769459248,u/min,23.412141263484955,c,5.753680814858641,l/h,112.63155301999987,m,17.449275374412537,%,238.68915656450736,deg,4.578264320816865,l/h,3.9999998807907104,%,13.521149914917807,kg/h,39.006921480949586,km/h,5f0ef72f00375c5a2641e5b0,1.0484807208201024,2020-07-15T12:31:51Z,2020-07-15T12:33:12Z,car,1699,A 170,559e22c2e4b07207d8977998,gasoline,2004,Mercedes Benz
16,5f0ef72f00375c5a2641e5c3,2020-07-15T12:33:12+00:00,POINT (7.576864239453862 51.97915695333275),30.84277112648755,%,3.185098449384037,g/s,14.71192030608654,km/h,2.4604787364095286,kg/h,30.00000089406967,kPa,752.5162617564201,u/min,23.99999937415123,c,1.8786993743571985,l/h,112.93797225153904,m,12.999999612569809,%,235.3692916004875,deg,1.047012228259374,l/h,4.0,%,4.414943529739417,kg/h,18.64393961455744,km/h,5f0ef72f00375c5a2641e5b0,1.0484807208201024,2020-07-15T12:31:51Z,2020-07-15T12:33:12Z,car,1699,A 170,559e22c2e4b07207d8977998,gasoline,2004,Mercedes Benz
0,5f0ef5f800375c5a2641e0a7,2020-07-15T12:24:55+00:00,POINT (7.598305846281603 51.96520306970962),30.58823585510254,%,3.3356607997485446,g/s,0.0,km/h,2.5767876880676335,kg/h,30.0,kPa,775.318416595459,u/min,19.185064792633057,c,0.8353388426714469,l/h,113.60728625756373,m,13.0,%,159.39320611049538,deg,1.0965053991777163,l/h,6.000000089406967,%,1.9630462802779003,kg/h,0.0,km/h,5f0ef5f800375c5a2641e0a5,1.028449751184504,2020-07-15T12:24:55Z,2020-07-15T12:28:14Z,car,1699,A 170,559e22c2e4b07207d8977998,gasoline,2004,Mercedes Benz
1,5f0ef5f800375c5a2641e0a9,2020-07-15T12:25:05+00:00,POINT (7.598305846281603 51.96520306970962),30.98039311966768,%,3.1611951976839903,g/s,0.0,km/h,2.442013548135558,kg/h,30.000000447034836,kPa,751.8957345485687,u/min,25.999999225139618,c,0.8353388426714469,l/h,112.98001482316744,m,12.999999806284904,%,159.39320611049538,deg,1.03915470133428,l/h,6.000000089406967,%,1.9630462802779003,kg/h,0.0,km/h,5f0ef5f800375c5a2641e0a5,1.028449751184504,2020-07-15T12:24:55Z,2020-07-15T12:28:14Z,car,1699,A 170,559e22c2e4b07207d8977998,gasoline,2004,Mercedes Benz
2,5f0ef5f800375c5a2641e0aa,2020-07-15T12:25:11+00:00,POINT (7.598305619834447 51.96520152102591),30.98039337934233,%,3.1625881087987264,g/s,0.0,km/h,2.4430895676790603,kg/h,30.116766914725304,kPa,749.3105645924807,u/min,26.0,c,0.8353388426714469,l/h,112.85036223684523,m,13.0,%,159.39320136020774,deg,1.0396125819910895,l/h,3.9999999403953552,%,1.9630462802779003,kg/h,0.0,km/h,5f0ef5f800375c5a2641e0a5,1.028449751184504,2020-07-15T12:24:55Z,2020-07-15T12:28:14Z,car,1699,A 170,559e22c2e4b07207d8977998,gasoline,2004,Mercedes Benz
3,5f0ef5f800375c5a2641e0ab,2020-07-15T12:25:16+00:00,POINT (7.598305591528552 51.96520132744045),30.980391532767044,%,3.2327941576237715,g/s,0.0,km/h,2.4973235240375393,kg/h,30.65710061788559,kPa,752.4446242898703,u/min,26.00000038743019,c,0.8353388426714469,l/h,112.9074660413756,m,12.999999612569809,%,159.39320076642178,deg,1.0626908612925698,l/h,3.999999925494194,%,1.9630462802779003,kg/h,0.0,km/h,5f0ef5f800375c5a2641e0a5,1.028449751184504,2020-07-15T12:24:55Z,2020-07-15T12:28:14Z,car,1699,A 170,559e22c2e4b07207d8977998,gasoline,2004,Mercedes Benz
4,5f0ef5f800375c5a2641e0ac,2020-07-15T12:25:21+00:00,POINT (7.598305789669815 51.9652026825387),30.980392456054688,%,3.1612126394496145,g/s,0.0,km/h,2.4420270218457514,kg/h,30.0,kPa,751.8998952805996,u/min,25.99999961256981,c,0.8353388426714469,l/h,112.88973798751216,m,13.0,%,159.39320492292347,deg,1.0391604348279793,l/h,4.000000029802322,%,1.9630462802779003,kg/h,0.0,km/h,5f0ef5f800375c5a2641e0a5,1.028449751184504,2020-07-15T12:24:55Z,2020-07-15T12:28:14Z,car,1699,A 170,559e22c2e4b07207d8977998,gasoline,2004,Mercedes Benz
5,5f0ef5f800375c5a2641e0ad,2020-07-15T12:25:26+00:00,POINT (7.598305733058025 51.96520229536777),30.980391763588955,%,3.2101953881846734,g/s,0.0,km/h,2.479866044290037,kg/h,30.00000089406967,kPa,763.5505050420761,u/min,26.0,c,0.8353388426714469,l/h,112.89024977885128,m,12.999999951571226,%,159.39320373535156,deg,1.0552621465063987,l/h,4.0,%,1.9630462802779003,kg/h,0.0,km/h,5f0ef5f800375c5a2641e0a5,1.028449751184504,2020-07-15T12:24:55Z,2020-07-15T12:28:14Z,car,1699,A 170,559e22c2e4b07207d8977998,gasoline,2004,Mercedes Benz
6,5f0ef5f800375c5a2641e0ae,2020-07-15T12:25:31+00:00,POINT (7.598305959505182 51.96520384405147),39.474056552906404,%,3.2758230664313372,g/s,0.0,km/h,2.5305632234862,kg/h,31.000000923871994,kPa,754.0259626507759,u/min,26.0,c,0.8353388426714469,l/h,112.87245335743604,m,16.442307710647583,%,159.3932084856392,deg,1.0768354142494467,l/h,4.0000001192092896,%,1.9630462802779003,kg/h,0.0,km/h,5f0ef5f800375c5a2641e0a5,1.028449751184504,2020-07-15T12:24:55Z,2020-07-15T12:28:14Z,car,1699,A 170,559e22c2e4b07207d8977998,gasoline,2004,Mercedes Benz
7,5f0ef5f800375c5a2641e0af,2020-07-15T12:25:36+00:00,POINT (7.598308658055928 51.96511840163171),73.81427990958014,%,14.388425678567785,g/s,18.075892455875874,km/h,11.115014494880471,kg/h,77.04205846786499,kPa,1327.503046631813,u/min,24.84677493572235,c,2.6412171470504218,l/h,112.9965227519028,m,19.58319929242134,%,198.33334159226706,deg,4.729793402076796,l/h,3.0,%,6.206860295568491,kg/h,3.3045131015479683,km/h,5f0ef5f800375c5a2641e0a5,1.028449751184504,2020-07-15T12:24:55Z,2020-07-15T12:28:14Z,car,1699,A 170,559e22c2e4b07207d8977998,gasoline,2004,Mercedes Benz
8,5f0ef5f800375c5a2641e0b0,2020-07-15T12:25:41+00:00,POINT (7.597869153145432 51.96498649434482),67.34744534830224,%,20.429965541886688,g/s,35.427325040102005,km/h,15.78208542066031,kg/h,59.5438175201416,kPa,2431.5309894382954,u/min,23.955223344266415,c,4.862130295163463,l/h,112.61922279423172,m,23.465709887444973,%,268.81876902046224,deg,6.715781030068217,l/h,4.0000001192092896,%,11.426006193634139,kg/h,33.226520549891916,km/h,5f0ef5f800375c5a2641e0a5,1.028449751184504,2020-07-15T12:24:55Z,2020-07-15T12:28:14Z,car,1699,A 170,559e22c2e4b07207d8977998,gasoline,2004,Mercedes Benz
9,5f0ef5f800375c5a2641e0b1,2020-07-15T12:25:46+00:00,POINT (7.597142861493969 51.96497059133534),31.386533520107648,%,3.3239339615018184,g/s,23.805825233459473,km/h,2.5677287416614516,kg/h,31.000000923871994,kPa,762.5425063669682,u/min,25.00000074505806,c,1.1296079593376973,l/h,112.58503193793614,m,13.0,%,265.9085254957272,deg,1.092650528366575,l/h,3.9999998807907104,%,2.6545787044435887,kg/h,27.666055100404606,km/h,5f0ef5f800375c5a2641e0a5,1.028449751184504,2020-07-15T12:24:55Z,2020-07-15T12:28:14Z,car,1699,A 170,559e22c2e4b07207d8977998,gasoline,2004,Mercedes Benz
10,5f0ef5f800375c5a2641e0b2,2020-07-15T12:25:51+00:00,POINT (7.597014421426859 51.96508401548213),81.36505153011831,%,16.68648907009782,g/s,20.22829580307007,km/h,12.890261382735478,kg/h,77.87804989516735,kPa,1525.6376055255532,u/min,25.3627752661705,c,0.9053885164841898,l/h,112.99791480970327,m,21.95707407593727,%,5.942064770711312,deg,5.485217609674671,l/h,4.0,%,2.127663013737846,kg/h,17.924954065964357,km/h,5f0ef5f800375c5a2641e0a5,1.028449751184504,2020-07-15T12:24:55Z,2020-07-15T12:28:14Z,car,1699,A 170,559e22c2e4b07207d8977998,gasoline,2004,Mercedes Benz
11,5f0ef5f800375c5a2641e0b3,2020-07-15T12:25:56+00:00,POINT (7.597070598931919 51.96548433383916),29.922870092017092,%,3.1458754338104815,g/s,34.782071620225906,km/h,2.430179077755255,kg/h,29.066667556762695,kPa,767.2518971860409,u/min,24.052959501743317,c,4.5966006133566415,l/h,112.99012678926174,m,13.0,%,8.38417172713298,deg,1.034118756491598,l/h,4.700197219848633,%,10.802011441388109,kg/h,34.67296782791891,km/h,5f0ef5f800375c5a2641e0a5,1.028449751184504,2020-07-15T12:24:55Z,2020-07-15T12:28:14Z,car,1699,A 170,559e22c2e4b07207d8977998,gasoline,2004,Mercedes Benz
12,5f0ef5f800375c5a2641e0b4,2020-07-15T12:26:01+00:00,POINT (7.597150275278558 51.96584856332463),30.588234943502073,%,3.2246065510550985,g/s,21.48947414010763,km/h,2.4909986231955568,kg/h,30.00000089406967,kPa,766.9782249648124,u/min,26.0,c,1.1018783657633573,l/h,113.53232856916183,m,13.0,%,5.203466902352488,deg,1.0599994141257687,l/h,5.469098448753357,%,2.5894141595438898,kg/h,23.84880338311632,km/h,5f0ef5f800375c5a2641e0a5,1.028449751184504,2020-07-15T12:24:55Z,2020-07-15T12:28:14Z,car,1699,A 170,559e22c2e4b07207d8977998,gasoline,2004,Mercedes Benz
13,5f0ef5f800375c5a2641e0b5,2020-07-15T12:26:06+00:00,POINT (7.597095404500907 51.96598285886689),30.806101555398357,%,3.1889709400545803,g/s,0.9692556858062744,km/h,2.463470223518399,kg/h,30.38781961798668,kPa,748.8219950646162,u/min,26.00000038743019,c,1.5463232802974372,l/h,111.8880524165464,m,12.999999612569809,%,274.82955537156795,deg,1.048285201497191,l/h,4.0000001192092896,%,3.6338597086989775,kg/h,4.8457582601189415,km/h,5f0ef5f800375c5a2641e0a5,1.028449751184504,2020-07-15T12:24:55Z,2020-07-15T12:28:14Z,car,1699,A 170,559e22c2e4b07207d8977998,gasoline,2004,Mercedes Benz
14,5f0ef5f800375c5a2641e0b6,2020-07-15T12:26:12+00:00,POINT (7.597092070039868 51.96598016956646),50.40312431299037,%,7.009835981968028,g/s,1.4814216792583466,km/h,5.415076693370728,kg/h,46.19344398379326,kPa,1079.1974002420902,u/min,25.000000186264515,c,0.8257152056669879,l/h,112.04198152794231,m,15.817307814955711,%,272.9157959018096,deg,2.3042879546258415,l/h,3.999999910593033,%,1.9404307333174216,kg/h,0.0,km/h,5f0ef5f800375c5a2641e0a5,1.028449751184504,2020-07-15T12:24:55Z,2020-07-15T12:28:14Z,car,1699,A 170,559e22c2e4b07207d8977998,gasoline,2004,Mercedes Benz
15,5f0ef5f800375c5a2641e0b7,2020-07-15T12:26:17+00:00,POINT (7.597087746869946 51.96592748803776),43.56609767391514,%,11.703125361917454,g/s,18.238953113555908,km/h,9.040628275745027,kg/h,38.13987135887146,kPa,2174.888167977333,u/min,24.0,c,2.554803231082392,l/h,112.2989788264501,m,16.331706821918488,%,185.39752524490586,deg,3.8470758620191603,l/h,5.999999910593033,%,6.003787593043621,kg/h,15.386023077149304,km/h,5f0ef5f800375c5a2641e0a5,1.028449751184504,2020-07-15T12:24:55Z,2020-07-15T12:28:14Z,car,1699,A 170,559e22c2e4b07207d8977998,gasoline,2004,Mercedes Benz
16,5f0ef5f800375c5a2641e0b8,2020-07-15T12:26:22+00:00,POINT (7.597039345795214 51.9655862403021),27.93219592957314,%,4.022027352786146,g/s,32.99999950826168,km/h,3.107003735065589,kg/h,25.472689777612686,kPa,1119.1402374710888,u/min,24.0,c,4.7555724452213015,l/h,112.79089068107115,m,14.377049148082733,%,185.73667957487305,deg,1.3221292489640804,l/h,4.0,%,11.17559524627006,kg/h,31.376568565598973,km/h,5f0ef5f800375c5a2641e0a5,1.028449751184504,2020-07-15T12:24:55Z,2020-07-15T12:28:14Z,car,1699,A 170,559e22c2e4b07207d8977998,gasoline,2004,Mercedes Benz
17,5f0ef5f800375c5a2641e0b9,2020-07-15T12:26:27+00:00,POINT (7.59696798041933 51.96518837653203),30.36361361052917,%,3.264789843631534,g/s,27.098494812846184,km/h,2.5220400928752027,kg/h,30.0,kPa,773.9401037245989,u/min,24.99999925494194,c,0.9205796321240048,l/h,113.15253190198499,m,12.999999612569809,%,183.96337241937908,deg,1.0732085501596607,l/h,5.999999910593033,%,2.1633621354914117,kg/h,27.39633204757044,km/h,5f0ef5f800375c5a2641e0a5,1.028449751184504,2020-07-15T12:24:55Z,2020-07-15T12:28:14Z,car,1699,A 170,559e22c2e4b07207d8977998,gasoline,2004,Mercedes Benz
18,5f0ef5f800375c5a2641e0ba,2020-07-15T12:26:32+00:00,POINT (7.596956986066527 51.9649846024425),66.4630724637459,%,11.372087426266434,g/s,8.089258670806885,km/h,8.784902490637268,kg/h,70.98289275169373,kPa,1146.9999673962593,u/min,26.999999597668648,c,1.4511750414414446,l/h,113.96641101207766,m,17.974203506484628,%,192.54104463511612,deg,3.738256378994582,l/h,5.275181889533997,%,3.410261347387395,kg/h,8.950769217500095,km/h,5f0ef5f800375c5a2641e0a5,1.028449751184504,2020-07-15T12:24:55Z,2020-07-15T12:28:14Z,car,1699,A 170,559e22c2e4b07207d8977998,gasoline,2004,Mercedes Benz
19,5f0ef5f800375c5a2641e0bb,2020-07-15T12:26:37+00:00,POINT (7.596553999094705 51.96493615032467),89.74364065940836,%,34.181203947906766,g/s,38.90151396393776,km/h,26.40487471116206,kg/h,87.84974694252014,kPa,2757.7896548062563,u/min,24.0,c,8.328809336329185,l/h,113.6975062676901,m,30.55915629863739,%,273.04644762118187,deg,11.236116898366832,l/h,6.0,%,19.572701940373584,kg/h,35.35838245753871,km/h,5f0ef5f800375c5a2641e0a5,1.028449751184504,2020-07-15T12:24:55Z,2020-07-15T12:28:14Z,car,1699,A 170,559e22c2e4b07207d8977998,gasoline,2004,Mercedes Benz
20,5f0ef5f800375c5a2641e0bc,2020-07-15T12:26:42+00:00,POINT (7.595638453230117 51.96499370955591),31.471309200908195,%,7.47233842604941,g/s,49.01935575157404,km/h,5.772358406097612,kg/h,31.221790820360184,kPa,1695.266091145575,u/min,23.8118015229702,c,5.570882055905809,l/h,113.74890573847375,m,15.0,%,275.9297250655836,deg,2.4563227259989837,l/h,4.9187562465667725,%,13.091572831378652,kg/h,48.563613723889375,km/h,5f0ef5f800375c5a2641e0a5,1.028449751184504,2020-07-15T12:24:55Z,2020-07-15T12:28:14Z,car,1699,A 170,559e22c2e4b07207d8977998,gasoline,2004,Mercedes Benz
21,5f0ef5f800375c5a2641e0bd,2020-07-15T12:26:47+00:00,POINT (7.594671659329876 51.96506287955347),32.0395488300295,%,6.582256951156544,g/s,46.999999299645424,km/h,5.084773209768924,kg/h,28.932533740997314,kPa,1617.9375,u/min,25.00000074505806,c,1.4540131045623093,l/h,113.99829366791428,m,15.809651717543602,%,276.6907606497407,deg,2.1637332807527336,l/h,4.0,%,3.4169307957214268,kg/h,46.45185203249275,km/h,5f0ef5f800375c5a2641e0a5,1.028449751184504,2020-07-15T12:24:55Z,2020-07-15T12:28:14Z,car,1699,A 170,559e22c2e4b07207d8977998,gasoline,2004,Mercedes Benz
22,5f0ef5f800375c5a2641e0be,2020-07-15T12:26:52+00:00,POINT (7.59370062685033 51.96512506041768),32.50800053241146,%,7.982187873360896,g/s,50.548183262348175,km/h,6.1662155329071995,kg/h,32.57299794256687,kPa,1736.9147804379463,u/min,24.0,c,4.142274002129403,l/h,114.56021187456156,m,15.12191092967987,%,275.7094004987339,deg,2.6239215033647656,l/h,5.283489108085632,%,9.734343905004097,kg/h,49.742519447023824,km/h,5f0ef5f800375c5a2641e0a5,1.028449751184504,2020-07-15T12:24:55Z,2020-07-15T12:28:14Z,car,1699,A 170,559e22c2e4b07207d8977998,gasoline,2004,Mercedes Benz
23,5f0ef5f800375c5a2641e0bf,2020-07-15T12:26:57+00:00,POINT (7.592702821273662 51.96518386506979),37.52797999388042,%,8.984697022036958,g/s,49.99999850988388,km/h,6.940650760757217,kg/h,37.28393079340458,kPa,1708.032152902335,u/min,24.000000715255737,c,2.3992787070162307,l/h,114.97057092372336,m,15.999999523162842,%,275.95423913669947,deg,2.953468408832858,l/h,6.0,%,5.638304961488142,kg/h,48.85527757650016,km/h,5f0ef5f800375c5a2641e0a5,1.028449751184504,2020-07-15T12:24:55Z,2020-07-15T12:28:14Z,car,1699,A 170,559e22c2e4b07207d8977998,gasoline,2004,Mercedes Benz
24,5f0ef5f800375c5a2641e0c0,2020-07-15T12:27:02+00:00,POINT (7.59168392369916 51.96524059951057),32.00531869836573,%,7.744756081825706,g/s,50.0,km/h,5.982800205656346,kg/h,31.822400897741318,kPa,1725.0,u/min,24.00000025704503,c,2.663873027458359,l/h,115.4340971743917,m,15.15179991722107,%,275.5088279903507,deg,2.5458724279388707,l/h,3.9999999403953552,%,6.2601016145271435,kg/h,49.56698418892506,km/h,5f0ef5f800375c5a2641e0a5,1.028449751184504,2020-07-15T12:24:55Z,2020-07-15T12:28:14Z,car,1699,A 170,559e22c2e4b07207d8977998,gasoline,2004,Mercedes Benz
25,5f0ef5f800375c5a2641e0c1,2020-07-15T12:27:08+00:00,POINT (7.590681333476139 51.96530527641625),21.65965296373821,%,4.033027926134118,g/s,47.14615315198898,km/h,3.115501644075665,kg/h,22.393798112869263,kPa,1279.478517793119,u/min,24.69544667005539,c,1.6093805067663622,l/h,116.1339339726591,m,13.462145507335663,%,275.9257657664024,deg,1.3257453804577297,l/h,3.999999985098839,%,3.7820441909009515,kg/h,47.1019291453612,km/h,5f0ef5f800375c5a2641e0a5,1.028449751184504,2020-07-15T12:24:55Z,2020-07-15T12:28:14Z,car,1699,A 170,559e22c2e4b07207d8977998,gasoline,2004,Mercedes Benz
26,5f0ef5f800375c5a2641e0c2,2020-07-15T12:27:13+00:00,POINT (7.589870052812671 51.96535938545749),30.686124410215257,%,3.22781047672191,g/s,33.77742347121239,km/h,2.4934736458994076,kg/h,30.00000089406967,kPa,767.7402827143669,u/min,25.999999418854713,c,1.1413393553201752,l/h,116.46587143160771,m,13.000000387430191,%,276.1683111281882,deg,1.0610526152763435,l/h,5.8981670290231705,%,2.6821474850024116,kg/h,34.568573321851474,km/h,5f0ef5f800375c5a2641e0a5,1.028449751184504,2020-07-15T12:24:55Z,2020-07-15T12:28:14Z,car,1699,A 170,559e22c2e4b07207d8977998,gasoline,2004,Mercedes Benz
27,5f0ef5f800375c5a2641e0c3,2020-07-15T12:27:18+00:00,POINT (7.589342918442883 51.96539494298547),30.588235399302306,%,3.142251220762731,g/s,17.66774246096611,km/h,2.4273793843448574,kg/h,29.999999636784196,kPa,747.3898971229792,u/min,25.999999225139618,c,1.2456397190249004,l/h,116.68496018942201,m,13.000000387430191,%,276.81891724249726,deg,1.0329273975935562,l/h,4.0,%,2.9272533397085163,kg/h,18.444366678515735,km/h,5f0ef5f800375c5a2641e0a5,1.028449751184504,2020-07-15T12:24:55Z,2020-07-15T12:28:14Z,car,1699,A 170,559e22c2e4b07207d8977998,gasoline,2004,Mercedes Benz
28,5f0ef5f800375c5a2641e0c4,2020-07-15T12:27:23+00:00,POINT (7.589266016382386 51.96540052475167),30.19607925415039,%,3.0529132166094723,g/s,0.0,km/h,2.358366051455612,kg/h,28.99999913573265,kPa,751.180048674345,u/min,26.00000038743019,c,1.3836308086379872,l/h,116.71406153075498,m,13.000000193715096,%,277.61859130859375,deg,1.003560021896005,l/h,6.0,%,3.25153240029927,kg/h,0.0,km/h,5f0ef5f800375c5a2641e0a5,1.028449751184504,2020-07-15T12:24:55Z,2020-07-15T12:28:14Z,car,1699,A 170,559e22c2e4b07207d8977998,gasoline,2004,Mercedes Benz
29,5f0ef5f800375c5a2641e0c5,2020-07-15T12:27:28+00:00,POINT (7.589266242560139 51.96540207344128),32.94117834988765,%,3.721157280764955,g/s,0.0,km/h,2.8745825316414666,kg/h,32.0,kPa,829.7659658789635,u/min,25.99999961256981,c,0.8353388426714469,l/h,116.52625303358869,m,12.999999636784196,%,277.6185995822725,deg,1.2232266092091346,l/h,6.000000178813934,%,1.9630462802779003,kg/h,0.0,km/h,5f0ef5f800375c5a2641e0a5,1.028449751184504,2020-07-15T12:24:55Z,2020-07-15T12:28:14Z,car,1699,A 170,559e22c2e4b07207d8977998,gasoline,2004,Mercedes Benz
30,5f0ef5f800375c5a2641e0c6,2020-07-15T12:27:33+00:00,POINT (7.589210266576357 51.96541170629756),40.085327965676555,%,5.020674280888496,g/s,4.398449599742889,km/h,3.8784554094248898,kg/h,40.47683107852936,kPa,882.1225376725197,u/min,24.99999925494194,c,0.758755147694934,l/h,116.47116113216185,m,13.834130674600601,%,278.1061905562092,deg,1.6504065572020807,l/h,3.9999998807907104,%,1.783074597083095,kg/h,4.379226469962418,km/h,5f0ef5f800375c5a2641e0a5,1.028449751184504,2020-07-15T12:24:55Z,2020-07-15T12:28:14Z,car,1699,A 170,559e22c2e4b07207d8977998,gasoline,2004,Mercedes Benz
31,5f0ef5f800375c5a2641e0c7,2020-07-15T12:27:38+00:00,POINT (7.589167282947974 51.96542015929525),42.44056955032033,%,5.4192698252541085,g/s,0.0,km/h,4.1863692390676865,kg/h,42.13978557288647,kPa,917.6477888301015,u/min,25.999999225139618,c,0.9275462728181632,l/h,116.4698642865017,m,14.502985060214996,%,283.68780517578125,deg,1.781433718752207,l/h,4.0,%,2.1797337411226834,kg/h,0.47159171982819714,km/h,5f0ef5f800375c5a2641e0a5,1.028449751184504,2020-07-15T12:24:55Z,2020-07-15T12:28:14Z,car,1699,A 170,559e22c2e4b07207d8977998,gasoline,2004,Mercedes Benz
32,5f0ef5f800375c5a2641e0c8,2020-07-15T12:27:43+00:00,POINT (7.589051200099275 51.96547459515813),38.15314129895194,%,13.347670507670243,g/s,19.169784031808376,km/h,10.311034332729786,kg/h,39.87683433294296,kPa,2372.4611079394817,u/min,24.000000715255737,c,2.9006916561853444,l/h,116.68385781920074,m,16.129985451698303,%,313.54920325259263,deg,4.387674184140335,l/h,3.6715789437294006,%,6.81662539203556,kg/h,18.07368804934447,km/h,5f0ef5f800375c5a2641e0a5,1.028449751184504,2020-07-15T12:24:55Z,2020-07-15T12:28:14Z,car,1699,A 170,559e22c2e4b07207d8977998,gasoline,2004,Mercedes Benz
33,5f0ef5f800375c5a2641e0c9,2020-07-15T12:27:48+00:00,POINT (7.588592628239534 51.96548235439355),64.72989108739921,%,18.612009577228502,g/s,30.806188881397247,km/h,14.377720040483325,kg/h,59.99704158306122,kPa,2198.759494304657,u/min,23.999999463558197,c,3.52994196788518,l/h,116.6036420221743,m,21.80274022370577,%,252.52554913713038,deg,6.118178740631202,l/h,3.9999999403953552,%,8.295363624530173,kg/h,29.011840654086654,km/h,5f0ef5f800375c5a2641e0a5,1.028449751184504,2020-07-15T12:24:55Z,2020-07-15T12:28:14Z,car,1699,A 170,559e22c2e4b07207d8977998,gasoline,2004,Mercedes Benz
34,5f0ef5f800375c5a2641e0ca,2020-07-15T12:27:53+00:00,POINT (7.587784026136114 51.96551199678961),29.62636924786035,%,3.6636796388372934,g/s,43.00000128149986,km/h,2.830181230385199,kg/h,27.104803502559662,kPa,958.0441560149193,u/min,24.000000715255737,c,5.428458849683095,l/h,116.84785674339795,m,13.830534145236015,%,276.2746582239315,deg,1.2043324384617868,l/h,5.715930998325348,%,12.756878296755275,kg/h,42.70830403567351,km/h,5f0ef5f800375c5a2641e0a5,1.028449751184504,2020-07-15T12:24:55Z,2020-07-15T12:28:14Z,car,1699,A 170,559e22c2e4b07207d8977998,gasoline,2004,Mercedes Benz
35,5f0ef5f800375c5a2641e0cb,2020-07-15T12:27:59+00:00,POINT (7.587025362841842 51.96554123298716),30.588234943502073,%,3.1752029585519526,g/s,23.755814485251904,km/h,2.4528345002373664,kg/h,30.0,kPa,755.2275183498859,u/min,26.000000193715096,c,1.4228904036778849,l/h,117.01807853211734,m,13.0,%,264.1111032562908,deg,1.0437593618031347,l/h,3.999999925494194,%,3.3437924486430295,kg/h,26.823274177888564,km/h,5f0ef5f800375c5a2641e0a5,1.028449751184504,2020-07-15T12:24:55Z,2020-07-15T12:28:14Z,car,1699,A 170,559e22c2e4b07207d8977998,gasoline,2004,Mercedes Benz
36,5f0ef5f800375c5a2641e0cc,2020-07-15T12:28:04+00:00,POINT (7.58685319354927 51.9654169536001),30.85617702025047,%,3.181961123045814,g/s,0.3658119738101959,km/h,2.4580551614817683,kg/h,29.999999552965164,kPa,756.834972217679,u/min,26.000000774860382,c,1.7598378861533877,l/h,117.5360420559171,m,13.0,%,183.76918029785156,deg,1.0459809197794758,l/h,4.188492059707642,%,4.135619032460461,kg/h,3.1790167573610972,km/h,5f0ef5f800375c5a2641e0a5,1.028449751184504,2020-07-15T12:24:55Z,2020-07-15T12:28:14Z,car,1699,A 170,559e22c2e4b07207d8977998,gasoline,2004,Mercedes Benz
37,5f0ef5f800375c5a2641e0cd,2020-07-15T12:28:09+00:00,POINT (7.586853221812501 51.96541714718637),0.0,%,0.0,g/s,0.0,km/h,0.0,kg/h,99.00000295042992,kPa,0.0,u/min,29.999999664723873,c,0.8424222755640154,l/h,117.55341143590162,m,15.000000223517418,%,183.7691809824451,deg,0.0,l/h,4.234592467546463,%,1.9796923475754362,kg/h,0.0,km/h,5f0ef5f800375c5a2641e0a5,1.028449751184504,2020-07-15T12:24:55Z,2020-07-15T12:28:14Z,car,1699,A 170,559e22c2e4b07207d8977998,gasoline,2004,Mercedes Benz
38,5f0ef5f800375c5a2641e0ce,2020-07-15T12:28:14+00:00,POINT (7.586853114058934 51.96541640913874),,,,,,,,,,,,,,,,,117.59283779849055,m,,,183.7691783724322,deg,,,5.999999937135726,%,,,0.0,km/h,5f0ef5f800375c5a2641e0a5,1.028449751184504,2020-07-15T12:24:55Z,2020-07-15T12:28:14Z,car,1699,A 170,559e22c2e4b07207d8977998,gasoline,2004,Mercedes Benz
0,5f0ef45500375c5a2641dd52,2020-07-15T12:18:32+00:00,POINT (7.586886494053136 51.96542688744094),69.29243672470511,%,12.281436158803217,g/s,-14.087209701538086,km/h,9.487371584118632,kg/h,49.000011682510376,kPa,1794.4439237117767,u/min,27.000006437301636,c,0.8336697949086066,l/h,120.31536006225333,m,13.421891689300537,%,-489.86138484858384,deg,4.03717939749729,l/h,11.999999642372131,%,1.9591240180352256,kg/h,0.0,km/h,5f0ef45500375c5a2641dd50,1.5706382725767332,2020-07-15T12:18:32Z,2020-07-15T12:21:19Z,car,1699,A 170,559e22c2e4b07207d8977998,gasoline,2004,Mercedes Benz
1,5f0ef45500375c5a2641dd54,2020-07-15T12:18:42+00:00,POINT (7.586928973583557 51.96547533760592),61.92941130173536,%,19.713588016202646,g/s,16.98612868785858,km/h,15.228685989779883,kg/h,62.79878056049347,kPa,2230.659771859646,u/min,24.756724774837494,c,2.38074883430358,l/h,115.95176777306175,m,20.323110468685627,%,88.20110321044922,deg,6.480291910544631,l/h,8.00000011920929,%,5.594759760613414,kg/h,0.0,km/h,5f0ef45500375c5a2641dd50,1.5706382725767332,2020-07-15T12:18:32Z,2020-07-15T12:21:19Z,car,1699,A 170,559e22c2e4b07207d8977998,gasoline,2004,Mercedes Benz
2,5f0ef45500375c5a2641dd55,2020-07-15T12:18:47+00:00,POINT (7.587494756374243 51.96547704195059),47.03371780475095,%,14.193691814289455,g/s,37.22270631790161,km/h,10.964583184850369,kg/h,38.90909206867218,kPa,2585.5835307240486,u/min,24.000000715255737,c,4.921042381382708,l/h,114.67638134118309,m,18.226244866847992,%,95.30040035870354,deg,4.665780078659731,l/h,5.518292605876923,%,11.564449596249366,kg/h,35.731866367535304,km/h,5f0ef45500375c5a2641dd50,1.5706382725767332,2020-07-15T12:18:32Z,2020-07-15T12:21:19Z,car,1699,A 170,559e22c2e4b07207d8977998,gasoline,2004,Mercedes Benz
3,5f0ef45500375c5a2641dd56,2020-07-15T12:18:52+00:00,POINT (7.588228604686648 51.96541503397011),30.980392456054688,%,3.20788080838863,g/s,32.77312033623457,km/h,2.4780780385305956,kg/h,30.0,kPa,763.0,u/min,25.99999961256981,c,1.1307588505283739,l/h,112.53427094312417,m,13.000000387430191,%,98.12458039097919,deg,1.0545012929917428,l/h,4.0,%,2.6572832987416786,kg/h,32.71696572842427,km/h,5f0ef45500375c5a2641dd50,1.5706382725767332,2020-07-15T12:18:32Z,2020-07-15T12:21:19Z,car,1699,A 170,559e22c2e4b07207d8977998,gasoline,2004,Mercedes Benz
4,5f0ef45500375c5a2641dd57,2020-07-15T12:18:57+00:00,POINT (7.58871828755434 51.96531750804084),28.702803365107457,%,6.123716983317952,g/s,24.00000035762787,km/h,4.730552497728154,kg/h,27.000000402331352,kPa,1620.0812948197126,u/min,26.315574556589127,c,1.1306682667919221,l/h,111.91722393159998,m,14.517346501350403,%,127.31147498131031,deg,2.013001062863044,l/h,4.0,%,2.6570704269610173,kg/h,23.582825467789007,km/h,5f0ef45500375c5a2641dd50,1.5706382725767332,2020-07-15T12:18:32Z,2020-07-15T12:21:19Z,car,1699,A 170,559e22c2e4b07207d8977998,gasoline,2004,Mercedes Benz
5,5f0ef45500375c5a2641dd58,2020-07-15T12:19:02+00:00,POINT (7.589105214592639 51.96534265851795),32.92958879334276,%,7.87308376848045,g/s,25.00000074505806,km/h,6.0819329481207705,kg/h,32.0,kPa,1749.7188493013382,u/min,25.0,c,0.9460343962943834,l/h,110.95560155103597,m,16.387597382068634,%,10.654173011570439,deg,2.5880565736684127,l/h,4.0,%,2.223180831291801,kg/h,25.286199210689688,km/h,5f0ef45500375c5a2641dd50,1.5706382725767332,2020-07-15T12:18:32Z,2020-07-15T12:21:19Z,car,1699,A 170,559e22c2e4b07207d8977998,gasoline,2004,Mercedes Benz
6,5f0ef45500375c5a2641dd59,2020-07-15T12:19:07+00:00,POINT (7.588862666697352 51.96572783475139),72.93665194740151,%,33.282192337974074,g/s,43.89655038714409,km/h,25.710391013035718,kg/h,78.04019969701767,kPa,3022.789126753807,u/min,24.0,c,6.582297117602912,l/h,110.75001928944403,m,23.528735756874084,%,342.17265954471986,deg,10.940591920440731,l/h,4.0,%,15.468398226366844,kg/h,40.31160544295767,km/h,5f0ef45500375c5a2641dd50,1.5706382725767332,2020-07-15T12:18:32Z,2020-07-15T12:21:19Z,car,1699,A 170,559e22c2e4b07207d8977998,gasoline,2004,Mercedes Benz
7,5f0ef45500375c5a2641dd5a,2020-07-15T12:19:12+00:00,POINT (7.588695694947154 51.96632458308325),53.25940189809708,%,12.845125092404821,g/s,51.60869410634041,km/h,9.922819548166443,kg/h,51.406556241214275,kPa,1771.0634650588036,u/min,24.0,c,5.698346709734945,l/h,111.47372130610609,m,18.27435064315796,%,352.3602394120344,deg,4.222476403475082,l/h,6.000000178813934,%,13.391114767877122,kg/h,48.77024940099852,km/h,5f0ef45500375c5a2641dd50,1.5706382725767332,2020-07-15T12:18:32Z,2020-07-15T12:21:19Z,car,1699,A 170,559e22c2e4b07207d8977998,gasoline,2004,Mercedes Benz
8,5f0ef45500375c5a2641dd5b,2020-07-15T12:19:17+00:00,POINT (7.588646320359945 51.96700438449997),29.598199410516713,%,7.944044114020261,g/s,58.00000097230077,km/h,6.136749596366837,kg/h,28.54887217283249,kPa,1972.272809445858,u/min,23.999999284744263,c,6.373200756365973,l/h,112.6736734678025,m,15.40508222579956,%,358.2978768930561,deg,2.6113828069646114,l/h,4.0000001192092896,%,14.977021777460038,kg/h,56.28212125504922,km/h,5f0ef45500375c5a2641dd50,1.5706382725767332,2020-07-15T12:18:32Z,2020-07-15T12:21:19Z,car,1699,A 170,559e22c2e4b07207d8977998,gasoline,2004,Mercedes Benz
9,5f0ef45500375c5a2641dd5c,2020-07-15T12:19:22+00:00,POINT (7.588611016325211 51.96769413607622),25.71943719837884,%,6.672548722500639,g/s,54.9048370718956,km/h,5.154523324873799,kg/h,25.424342095851898,kPa,1866.445901632309,u/min,25.0,c,0.881703014639319,l/h,112.43379389394624,m,15.0,%,358.44781281611904,deg,2.1934141807973613,l/h,4.0,%,2.0720020844023996,kg/h,53.77020093502415,km/h,5f0ef45500375c5a2641dd50,1.5706382725767332,2020-07-15T12:18:32Z,2020-07-15T12:21:19Z,car,1699,A 170,559e22c2e4b07207d8977998,gasoline,2004,Mercedes Benz
10,5f0ef45500375c5a2641dd5d,2020-07-15T12:19:27+00:00,POINT (7.588579809293671 51.96836106391038),32.007165691450865,%,7.857310590002912,g/s,52.0,km/h,6.0697482163561745,kg/h,31.000000923871994,kPa,1802.5428220033646,u/min,25.00000037252903,c,0.8782118616367403,l/h,112.24777266741098,m,16.000000327825546,%,357.6491644805292,deg,2.5828715814281593,l/h,4.0000001192092896,%,2.0637978748463395,kg/h,51.585565945060694,km/h,5f0ef45500375c5a2641dd50,1.5706382725767332,2020-07-15T12:18:32Z,2020-07-15T12:21:19Z,car,1699,A 170,559e22c2e4b07207d8977998,gasoline,2004,Mercedes Benz
11,5f0ef45500375c5a2641dd5e,2020-07-15T12:19:32+00:00,POINT (7.588537224841462 51.96901563601181),25.49019584819382,%,6.221952516674846,g/s,51.341813921928406,km/h,4.806439144507072,kg/h,24.999999534338713,kPa,1769.9462065696716,u/min,24.99999925494194,c,1.4703369892904232,l/h,111.78347618935719,m,14.31753596663475,%,357.5999353079642,deg,2.045293252981733,l/h,4.0,%,3.455291924832495,kg/h,50.61819112017815,km/h,5f0ef45500375c5a2641dd50,1.5706382725767332,2020-07-15T12:18:32Z,2020-07-15T12:21:19Z,car,1699,A 170,559e22c2e4b07207d8977998,gasoline,2004,Mercedes Benz
12,5f0ef45500375c5a2641dd5f,2020-07-15T12:19:38+00:00,POINT (7.588438265586121 51.96965170148999),27.36553603903485,%,6.509352229106502,g/s,50.0,km/h,5.028454536660822,kg/h,26.999999295920134,kPa,1714.5391049608588,u/min,24.99999925494194,c,1.9577969207782726,l/h,112.09806739759074,m,15.0,%,350.72579975121334,deg,2.1397678879407755,l/h,4.105919003486633,%,4.6008227638289405,kg/h,49.20273650703621,km/h,5f0ef45500375c5a2641dd50,1.5706382725767332,2020-07-15T12:18:32Z,2020-07-15T12:21:19Z,car,1699,A 170,559e22c2e4b07207d8977998,gasoline,2004,Mercedes Benz
13,5f0ef45500375c5a2641dd60,2020-07-15T12:19:43+00:00,POINT (7.588237769423296 51.97020491681084),30.980391532767044,%,3.2669207602778694,g/s,30.838607668876648,km/h,2.5236862194175025,kg/h,31.000000808387995,kPa,751.976840749383,u/min,26.0,c,1.4007207000681636,l/h,112.36289096085044,m,13.000000387430191,%,351.8637177322615,deg,1.0739090295393627,l/h,4.000000067055225,%,3.291693645160185,kg/h,35.07369681782714,km/h,5f0ef45500375c5a2641dd50,1.5706382725767332,2020-07-15T12:18:32Z,2020-07-15T12:21:19Z,car,1699,A 170,559e22c2e4b07207d8977998,gasoline,2004,Mercedes Benz
14,5f0ef45500375c5a2641dd61,2020-07-15T12:19:48+00:00,POINT (7.588222111838173 51.97036512313448),82.16724677381808,%,25.697415080148502,g/s,5.883871078491211,km/h,19.851173955901597,kg/h,79.71305358409882,kPa,2303.7960804998875,u/min,26.45253163576126,c,1.8924646047624565,l/h,112.11306142638742,m,26.619873821735382,%,7.86878621792826,deg,8.447308066341105,l/h,5.999999821186066,%,4.447291821191773,kg/h,2.098605198363174,km/h,5f0ef45500375c5a2641dd50,1.5706382725767332,2020-07-15T12:18:32Z,2020-07-15T12:21:19Z,car,1699,A 170,559e22c2e4b07207d8977998,gasoline,2004,Mercedes Benz
15,5f0ef45500375c5a2641dd62,2020-07-15T12:19:53+00:00,POINT (7.588385681315387 51.97058041670723),43.482550160870005,%,10.750892076880815,g/s,25.514961391687393,km/h,8.305030997617834,kg/h,42.41965617239475,kPa,1796.3528879284859,u/min,24.000000715255737,c,4.092833861322704,l/h,112.29261986423273,m,16.99999974668026,%,343.6919539022929,deg,3.534055743667163,l/h,3.9999998807907104,%,9.618159574108356,kg/h,24.129034106124493,km/h,5f0ef45500375c5a2641dd50,1.5706382725767332,2020-07-15T12:18:32Z,2020-07-15T12:21:19Z,car,1699,A 170,559e22c2e4b07207d8977998,gasoline,2004,Mercedes Benz
16,5f0ef45500375c5a2641dd63,2020-07-15T12:19:58+00:00,POINT (7.588189315729513 51.97100488766627),94.13469253864992,%,20.706226124663843,g/s,44.59580838680267,km/h,15.995495869484191,kg/h,89.88164162635803,kPa,1629.697607576847,u/min,23.427710831165314,c,6.287393231289715,l/h,111.46723503569115,m,31.583203673362732,%,358.1572819906396,deg,6.8065939870145495,l/h,4.0000001192092896,%,14.77537409353083,kg/h,42.09992122285621,km/h,5f0ef45500375c5a2641dd50,1.5706382725767332,2020-07-15T12:18:32Z,2020-07-15T12:21:19Z,car,1699,A 170,559e22c2e4b07207d8977998,gasoline,2004,Mercedes Benz
17,5f0ef45500375c5a2641dd64,2020-07-15T12:20:03+00:00,POINT (7.588247353226363 51.97164310631207),44.89570360107621,%,10.819322423869167,g/s,53.0,km/h,8.35789322977977,kg/h,42.05199173092842,kPa,1823.5924657583237,u/min,23.999999284744263,c,5.485959147083031,l/h,111.45169308710601,m,17.676328763365746,%,9.730756707456095,deg,3.5565503105445826,l/h,3.9999998807907104,%,12.892003995645124,kg/h,52.83712493631981,km/h,5f0ef45500375c5a2641dd50,1.5706382725767332,2020-07-15T12:18:32Z,2020-07-15T12:21:19Z,car,1699,A 170,559e22c2e4b07207d8977998,gasoline,2004,Mercedes Benz
18,5f0ef45500375c5a2641dd65,2020-07-15T12:20:08+00:00,POINT (7.588611711278375 51.97226773422278),36.100839827842066,%,9.125036129286164,g/s,52.000001549720764,km/h,7.04906228861443,kg/h,36.06375855207443,kPa,1799.438394933939,u/min,25.00000037252903,c,1.226689705647829,l/h,110.88268965365907,m,15.288461819291115,%,28.188060391964427,deg,2.999600973878481,l/h,4.0,%,2.8827208082723983,kg/h,51.25541023626283,km/h,5f0ef45500375c5a2641dd50,1.5706382725767332,2020-07-15T12:18:32Z,2020-07-15T12:21:19Z,car,1699,A 170,559e22c2e4b07207d8977998,gasoline,2004,Mercedes Benz
19,5f0ef45500375c5a2641dd66,2020-07-15T12:20:13+00:00,POINT (7.589228131527666 51.97281090708417),21.87708436780622,%,5.013154539129992,g/s,54.789155811071396,km/h,3.872646432090557,kg/h,21.483063340187073,kPa,1653.9759184718132,u/min,24.00000062584877,c,3.498446337650216,l/h,110.6954214304943,m,13.999999687075615,%,38.459415592742744,deg,1.6479346519534286,l/h,3.9999998807907104,%,8.221348893478009,kg/h,53.49006679237857,km/h,5f0ef45500375c5a2641dd50,1.5706382725767332,2020-07-15T12:18:32Z,2020-07-15T12:21:19Z,car,1699,A 170,559e22c2e4b07207d8977998,gasoline,2004,Mercedes Benz
20,5f0ef45500375c5a2641dd67,2020-07-15T12:20:18+00:00,POINT (7.589876868374029 51.97325712696582),30.39441873128385,%,3.2301393610560627,g/s,39.978447288740426,km/h,2.4952727018704555,kg/h,30.00000089406967,kPa,768.2942143529654,u/min,26.00000038743019,c,1.187402301651007,l/h,111.09119216612328,m,13.000000387430191,%,43.39741838160262,deg,1.0618181710087045,l/h,4.0,%,2.790395408879866,kg/h,40.78595315162056,km/h,5f0ef45500375c5a2641dd50,1.5706382725767332,2020-07-15T12:18:32Z,2020-07-15T12:21:19Z,car,1699,A 170,559e22c2e4b07207d8977998,gasoline,2004,Mercedes Benz
21,5f0ef45500375c5a2641dd68,2020-07-15T12:20:23+00:00,POINT (7.590351724164482 51.97347674065445),23.669558988662445,%,5.089527360036588,g/s,24.350591719150543,km/h,3.931644200877463,kg/h,25.04736092686653,kPa,1449.9166873246431,u/min,25.999999225139618,c,1.1037050572665013,l/h,112.13103752733656,m,13.57698580622673,%,76.63410287520583,deg,1.6730400854797713,l/h,4.0000001192092896,%,2.593706884576278,kg/h,24.95143873770928,km/h,5f0ef45500375c5a2641dd50,1.5706382725767332,2020-07-15T12:18:32Z,2020-07-15T12:21:19Z,car,1699,A 170,559e22c2e4b07207d8977998,gasoline,2004,Mercedes Benz
22,5f0ef45500375c5a2641dd69,2020-07-15T12:20:28+00:00,POINT (7.590967402468519 51.97333861063863),55.35680996877113,%,12.912671202404207,g/s,42.229195803403854,km/h,9.974998709979417,kg/h,47.93333266675472,kPa,1906.3913041353226,u/min,23.534609735012054,c,5.393088636655342,l/h,110.98272598741474,m,19.043010711669922,%,120.23209215583597,deg,4.2446803021189,l/h,3.9999999403953552,%,12.673758296140054,kg/h,40.657008337692844,km/h,5f0ef45500375c5a2641dd50,1.5706382725767332,2020-07-15T12:18:32Z,2020-07-15T12:21:19Z,car,1699,A 170,559e22c2e4b07207d8977998,gasoline,2004,Mercedes Benz
23,5f0ef45500375c5a2641dd6a,2020-07-15T12:20:33+00:00,POINT (7.591722592447542 51.97300682509693),27.53027553033246,%,3.2642532391322736,g/s,45.63435038924217,km/h,2.5216255675532153,kg/h,27.339779019355774,kPa,846.2586915493011,u/min,24.000000715255737,c,2.1802262925597984,l/h,110.0110639609926,m,13.011627834290266,%,127.46295801785436,deg,1.0730321564056235,l/h,3.9999999403953552,%,5.123531787515526,kg/h,44.80363207184371,km/h,5f0ef45500375c5a2641dd50,1.5706382725767332,2020-07-15T12:18:32Z,2020-07-15T12:21:19Z,car,1699,A 170,559e22c2e4b07207d8977998,gasoline,2004,Mercedes Benz
24,5f0ef45500375c5a2641dd6b,2020-07-15T12:20:38+00:00,POINT (7.592365211394518 51.97270071716869),74.92630787359474,%,18.46030868768478,g/s,41.66333457827568,km/h,14.260531570817996,kg/h,69.69078946113586,kPa,1882.7140483856201,u/min,24.826644897460938,c,0.943080234891776,l/h,109.44397682154644,m,22.97588435187936,%,126.55056411304531,deg,6.0683113067310614,l/h,4.25102886557579,%,2.2162385519956738,kg/h,39.89832576854076,km/h,5f0ef45500375c5a2641dd50,1.5706382725767332,2020-07-15T12:18:32Z,2020-07-15T12:21:19Z,car,1699,A 170,559e22c2e4b07207d8977998,gasoline,2004,Mercedes Benz
25,5f0ef45500375c5a2641dd6c,2020-07-15T12:20:44+00:00,POINT (7.593123479026227 51.97233903576402),27.104351823413722,%,3.1294868319960085,g/s,47.429268300533295,km/h,2.41751893335947,kg/h,26.097288869321346,kPa,849.9473694562912,u/min,24.000000715255737,c,3.956511134858125,l/h,109.34230848808797,m,13.000000193715096,%,128.50274771937825,deg,1.0287314610040297,l/h,4.000000104308128,%,9.297801166916594,kg/h,47.46399978765943,km/h,5f0ef45500375c5a2641dd50,1.5706382725767332,2020-07-15T12:18:32Z,2020-07-15T12:21:19Z,car,1699,A 170,559e22c2e4b07207d8977998,gasoline,2004,Mercedes Benz
26,5f0ef45500375c5a2641dd6d,2020-07-15T12:20:49+00:00,POINT (7.593732042659873 51.97205999552762),31.764705066295235,%,3.2749916013076064,g/s,27.916129857301712,km/h,2.5299209192405017,kg/h,31.000000461935997,kPa,752.2540193200111,u/min,25.372770726680756,c,1.5264430941367342,l/h,109.07577562746165,m,13.000000193715096,%,116.72774734641735,deg,1.0765620932938305,l/h,4.0,%,3.5871412712213253,kg/h,28.48174412761614,km/h,5f0ef45500375c5a2641dd50,1.5706382725767332,2020-07-15T12:18:32Z,2020-07-15T12:21:19Z,car,1699,A 170,559e22c2e4b07207d8977998,gasoline,2004,Mercedes Benz
27,5f0ef45500375c5a2641dd6e,2020-07-15T12:20:54+00:00,POINT (7.594208865769749 51.97223008417525),23.198947865146124,%,5.768177602359745,g/s,37.43758684396744,km/h,4.455899421628402,kg/h,22.376327209174633,kPa,1817.4056189060211,u/min,22.422131806612015,c,3.5939744299933074,l/h,108.73108244819869,m,14.0,%,30.607084183209565,deg,1.8961274134588946,l/h,5.627722680568695,%,8.445839910484272,kg/h,36.79599559790205,km/h,5f0ef45500375c5a2641dd50,1.5706382725767332,2020-07-15T12:18:32Z,2020-07-15T12:21:19Z,car,1699,A 170,559e22c2e4b07207d8977998,gasoline,2004,Mercedes Benz
28,5f0ef45500375c5a2641dd6f,2020-07-15T12:20:59+00:00,POINT (7.594574873379413 51.97262925923144),31.534899645426364,%,3.945173802958989,g/s,32.86453479528427,km/h,3.0476346046690455,kg/h,30.664109736680984,kPa,911.906011223793,u/min,24.000000715255737,c,0.8539362218818427,l/h,109.6048452598637,m,13.750737875699997,%,31.494401000445976,deg,1.2968657892208704,l/h,3.9999998807907104,%,2.0067501214223302,kg/h,33.174058293889516,km/h,5f0ef45500375c5a2641dd50,1.5706382725767332,2020-07-15T12:18:32Z,2020-07-15T12:21:19Z,car,1699,A 170,559e22c2e4b07207d8977998,gasoline,2004,Mercedes Benz
29,5f0ef45500375c5a2641dd70,2020-07-15T12:21:04+00:00,POINT (7.594687350627577 51.97292402204816),31.350106243198148,%,3.3881081437939717,g/s,18.486956000328064,km/h,2.6173030997120947,kg/h,31.0,kPa,777.2647058367729,u/min,25.00000074505806,c,1.1387425275196532,l/h,110.04715184459488,m,12.999999806284904,%,332.1133301588761,deg,1.113745999877487,l/h,3.9999998807907104,%,2.676044939671185,kg/h,19.943549333076533,km/h,5f0ef45500375c5a2641dd50,1.5706382725767332,2020-07-15T12:18:32Z,2020-07-15T12:21:19Z,car,1699,A 170,559e22c2e4b07207d8977998,gasoline,2004,Mercedes Benz
30,5f0ef45500375c5a2641dd71,2020-07-15T12:21:09+00:00,POINT (7.594505557743014 51.97300973226618),42.37628981980379,%,7.232925224653662,g/s,4.623718738555908,km/h,5.587412445835729,kg/h,38.40625,kPa,1344.3701401948929,u/min,26.123473525047302,c,1.2180915508790464,l/h,109.23427091324155,m,15.60597825050354,%,294.2478586874804,deg,2.3776223173769058,l/h,6.000000178813934,%,2.862515144565759,kg/h,4.804905009466495,km/h,5f0ef45500375c5a2641dd50,1.5706382725767332,2020-07-15T12:18:32Z,2020-07-15T12:21:19Z,car,1699,A 170,559e22c2e4b07207d8977998,gasoline,2004,Mercedes Benz
31,5f0ef45500375c5a2641dd72,2020-07-15T12:21:14+00:00,POINT (7.594397318740276 51.97307505839885),48.08556158147394,%,6.243181455022501,g/s,8.612461745738983,km/h,4.822838433957938,kg/h,47.91135240532458,kPa,926.7037174999714,u/min,25.00000074505806,c,0.765920961204319,l/h,109.25631846346857,m,14.70827066898346,%,315.41348984088836,deg,2.0522716740246545,l/h,5.233999848365784,%,1.7999142588301495,kg/h,8.640642580926738,km/h,5f0ef45500375c5a2641dd50,1.5706382725767332,2020-07-15T12:18:32Z,2020-07-15T12:21:19Z,car,1699,A 170,559e22c2e4b07207d8977998,gasoline,2004,Mercedes Benz
32,5f0ef45500375c5a2641dd73,2020-07-15T12:21:19+00:00,POINT (7.594245578178977 51.97316704209003),30.19607925415039,%,3.163380554293946,g/s,7.453019917011261,km/h,2.4437017293819827,kg/h,30.000000670552254,kPa,749.9003436565399,u/min,25.0,c,0.8573971887708488,l/h,109.21749541137578,m,13.0,%,309.15060485612776,deg,1.0398730763327586,l/h,4.0,%,2.0148833936114947,kg/h,8.032942329329671,km/h,5f0ef45500375c5a2641dd50,1.5706382725767332,2020-07-15T12:18:32Z,2020-07-15T12:21:19Z,car,1699,A 170,559e22c2e4b07207d8977998,gasoline,2004,Mercedes Benz
